번호,문제,"문제타입(0 = 객관식, 1 = 서술형)",객관1,객관2,객관3,객관4,Index,type
1,하나님은 세상을 창조하신 후 몇째 날 안식하셨는가?,0,첫째 날,셋째 날,여섯째 날,일곱째 날,4,1
2,하나님은 며칠동안 세상을 창조하셨는가?,0,3일,6일,7일,10일,2,1
3,하나님은 며칠 날에 인간을 창조하셨는가?,0,첫째 날,셋째 날,여섯째 날,일곱째 날,3,1
4,"다음은 하나님이 누구에게 한 말인가? ""내가 너로 여자와 원수가 되게 하고 네 후손도 여자의 후손과 원수가 되게 하리니""",0,뱀,아담,하와,가인,1,1
5,라멕의 자손 중 악기(수금과 퉁소)를 잡은 자의 조상이 된 사람은 누구인가?,0,야발,유발,두발가인,도발,2,1
6,라멕의 자손 중 구리와 쇠로 여러 가지 기구를 만들었던 사람은 누구인가?,0,야발,유발,도발 ,두발가인,4,1
7,하나님이 아담에게 죽은 아벨 대신 주신 아들의 이름은 무엇인가?,0,함,셋 ,가인,네오,2,1
8,"하나님께서 홍수로 세상을 심판하실 때, 창세기 6장 9절에서 ""그는 의인이요 당대에 완전한 자라 그는 하나님과 함께 동행한자""라고 말하는 사람은 누구인가?",0,룻,노아,사라,아브라함,2,1
9,노아의 대홍수 때 며칠 동안 비가 땅에 쏟아졌는가?,0,10일간,20일간,30일간,40일간,4,1
10,하나님께서 힘의 죄로 인하여 가나안은 누구의 종이 될 것이라고 했는가?,0,셈,노아,에녹,야벳,1,1
11,"시날 평지에서 일어난 일로 하나님께서 언어를 혼잡케 하셨고, 사람들을 온 땅으로 흩어지게 한 사건은 무엇 때문이었는가?",0,바벨탑,노아 홍수,뱀의 유혹,가인의 살인,1,1
12,"다음은 누구에게 한 말인가 ""내가 너로 큰 민족을 이루고 네게 복을 주어 네 이름을 창대하게 하리니""",0,이삭,야곱,요셉,아브라함,4,1
13,창세기 14장에서 아브라함은 전쟁에서 돌아오는 길에 얻은 전리품의 십분의 일을 누구에게 주었는가?,0,가인,이삭,노아,멜기세덱,4,1
14,아브라함이 하갈을 통해 낳은 아들로 장차 장성하여 광야에서 활 쏘는 자가 된 사람은 누구인가?,0,요셉,이삭,므낫세,이스마엘,4,1
15,아브라함 이삭을 번제로 드리려다 하나님이 준비한 수양으로 번제를 드린 후에 그 곳을 무엇이라 불렀는가?,0,여호와 삼마,여호와 살롬,여호와 이레,여호와 닛시,3,1
16,웃음'이란 뜻의 이름을 가진 아브라함의 아들은 누구인가?,0,야곱,이삭,요셉,아브라함,2,1
17,아브라함은 하나님으로부터 멸망될 소돔과 고모라에 살고 있었다. 아브라함의 조카는 누구인가?,0,룻,나오미,이스마엘,멜기세덱,1,1
18,멸망하는 소돔과 고모라를 탈출하면서 룻의 아내가 뒤를 돌아보아 저주를 받아 무엇이 되었는가?,0,불기둥,돌기둥,물기둥,소금기둥,4,1
19,햇 족속 에브론의 밭에 있는 곳으로 아브라함이 그의 아내 사라와 함께 장사된 곳은 어디인가?,0,막벨라굴,아둘람굴,막게다굴,미스바굴,1,1
20,야곱은 자신의 형 에서에게 떡과 팥죽 한 그릇을 주고 무엇을 사는가?,0,땅,재산,양육권,장자권,4,1
21,야곱은 형 에서를 피해 도망가는 길에 돌을 베개 삼아 잠을 자는데 꿈속에서 천사들이 사닥다리를 타고 오르내리는 환상을 본다. 그리고 그곳 이름을 무엇이라 불렀는가?,0,벧엘,길갈,세겜,예루살렘,1,1
22,야곱의 네 명 아내에 속하지 않는 사람은 누구인가?,0,레아,라헬,빌하,라합,4,1
23,야곱이 아내들 중에 가장 사랑하였으며 요셉과 베냐민을 낳은 여인은 누구인가?,0,레아,라헬,실바,빌하,2,1
24,"야곱이 에서를 만나기 전 하나님과 씨름한 후 바뀐 이름으로 ""네가 하나님과 및 사람들과 겨루어 이겼다""라는 의미를 가진 이름은 무엇인가?",0,임마누엘,이스라엘,아브라함,마하나임,2,1
25,야곱이 에서를 만나기 전 하나님과 씨름하고 축복을 받은 곳으로 내가 하나님과 대면하여 보았으나 내 생명이 보전되었다는 뜻을 지닌 지명은 어디인가?,0,길갈,숙곳,미스바,브니엘,4,1
26,야곱의 아들들이 꿈꾸는 자로 부르며 온 이십에 팔아 넘겼던 자신들의 형제는 누구인가?,0,유다,요셉,베냐민,납달리,2,1
27,요셉을 죽이지 말고 미디안 상인들에게 팔자고 제안한 사람은 누구인가?,0,레위,유다,시므온,베냐민,2,1
28,창세기 39장에서 요셉에 대해 잘 못 말한 것은 무엇인가?,0,요셉은 경건한 사람이다,하나님은 요셉의 삶에 함께하신다,요셉은 무엇을 하든지 순적하고 형통하였다,하나님이 보디발의 집에 요셉으로 인해 복을 주셨다,3,1
29,야곱의 가족이 애굽으로 내려가 바로에게 얻은 땅은 어디인가?,0,가불,고센,벳새다,사마리아,2,1
30,야곱의 축복 중에서 규와 통치자의 지팡이가 떠나지 않을 것이라고 축복 받은 아들은 누구인가?,0,레위,유다,므낫세,스불론,2,1
31,호렙산 떨기나무 불꽃 가운데 나타나던 하나님께서 모세에게 한 말씀은 무엇인가?,0,너는 나의 종이다,나는 너를 돕는 자다,나는 너의 하나님이다,나는 스스로 있는 자다,4,1
32,모세가 이스라엘을 이끌 지도자로 하나님의 부르심을 받은 때 나이는 얼마인가?,0,20세,40세,80세,100세,3,1
33,모세의 형으로 출애굽을 모세와 함께 이끌었지만 금송아지 숭배를 방조했던 사람은 누구인가?,0,아론,갈렙,미리암,여호수아,3,1
34,애굽에 내린 10가지 재앙 중에 첫 번째 재앙은 무엇인가?,0,우박 재앙,개구리 재앙,메뚜기 재앙,물이 피가 되는 재앙,4,1
35,애굽왕 바로에게 하나님이 내린 10가지 재앙 중 마지막 재앙은 무엇인가?,0,독종,우박과 메뚜기,처음 태어난 것의 죽음,나일 강과 하수가 피로 변함,3,1
36,이스라엘 자손이 애굽에 거주한 지 몇 년 만에 애굽을 나왔는가?,0,70년,250년,430년,500년,3,1
37,하나님은 왜 출애굽한 이스라엘을 가까운 블레셋땅으로 인도하지 않고 홍해의 광야길로 인도했는가?,0,새로운 길을 내고자,블레셋의 군대가 강해서,하나님이 광야를 좋아하셔서,이스라엘이 전쟁을 하면 애굽으로 돌아갈 것을 염려해서,4,1
38,이스라엘 백성이 광야에서 거둔 하루 분의 만나의 양은 얼마인가?,0,한 에바,자기 마음대로,한 사람당 한 오멜,한 가족이 다섯 오멜,3,1
39,홍해를 건넌 후 소고를 잡고 이스라엘 여인들을 인도하여 춤을 추며 하나님을 찬양한 모세의 누나는 누구인가?,0,라합,마리아,미리암,엘리사벳,3,1
40,출애굽한 이스라엘 백성들이 고기를 먹지 못하는 것을 원망하자 하나님이 주신 고기는 무엇인가?,0,칠면조,양고기,소고기,메추라기,4,1
41,모세가 아내 십보라를 통해 낳은 첫 번째 아들로 이방에서 나그네가 되었다는 뜻을 가진 이름은 무엇인가?,0,노아,바로,게르솜,므낫세,3,1
42,"천부장, 백부장과 같은 이스라엘 지도자를 세우는데 모세의 장인 이드로가 제안했던 기준이 아닌 것은 무엇인가?",0,진실한 자,집안 내력이 좋은 자,하나님을 두려워하는 자,불의한 이익을 미워하는 자,2,1
43,십계명과 관련된 것으로 틀린 것은 어느 것인가?,0,율법,다윗,모세,시내산,2,1
44,십계명중 네 번째 계명은 무엇인가?,0,살인하지 말라,거짓 증거하지 말라,다른 신을 두지 말라,안식일을 거룩히 지키라,4,1
45,송곳으로 종의 귀를 뚫는다는 것은 무슨 의미인가?,0,문둥병자,악하고 나쁜 종,도망한 전력을 가짐,종신토록 주인에게 속함,4,1
46,애굽에서 나온 모든 이스라엘 백성들 가운데 장정의 수는?,0,30만,60만,80만,100만,2,1
47,이스라엘의 3대 절기 중 하나로 밭에서 거둔 첫 열매를 통해 하나님의 은혜를 기억하여 지키는 절기느 무엇인가?,0,무교절,맥추절,수장절,부림절,2,1
48,하나님은 이스라엘이 무교절을 기간동안 무교병을 며칠간 먹으라고 하셨는가?,0,3일,7일,10일,30일,2,1
49,이스라엘이 광야생활을 하면서 매일 먹은 것으로 깟씨같이 희고 꿀 섞은 과자와 같았던 것은 무엇인가?,0,쌀,석청,만나,메추라기,3,1
50,모세가 시내산에 올라가 있는 동안 이스라엘 백성이 범한 죄는 무엇인가?,0,성적인 범죄,종들을 학대함,금송아지 송배,애굽으로 돌아감,3,1
51,여호와의 계명 중 하나라도 그릇 범하였을 때 드리는 제사는 무엇인가?,0,번제,소제,속죄제,화목제,3,1
52,속죄제를 드릴 때 형편이 안 되면 비둘기 대신 무엇을 예물로 드릴 수 있었는가?,0,양,돼지,염소,고운 가루,4,1
53,아론의 아들 나답과 아비후가 죽은 이유는 무엇인가?,0,하나님이 명령하지 않은 순서로 분향함,하나님이 명령하지 않은 옷을 입고 제사함,하나님이 명령하지 않은 다른 제물을 제사함,하나님이 명령하지 않은 다른 불을 담아 분향함,4,1
54,여호와께 드리는 모든 소제물에 넣지 말라고 지정해서 말씀하신 것은 무엇인가?,0,피,기름,누룩,향유,3,1
55,레위기에서 생물의 피를 먹지 말아야 하는 이유로 설명하는 것은 무엇인가?,0,잔인하기에,위생을 위하여,피가 생명이기에,피의 색깔로 인해,3,1
56,땅을 쉬게 하는 안식년은 몇째 해인가?,0,셋째 해 ,열째 해,다섯째 해,일곱째 해,4,1
57,"안식년 일곱 번 동안, 곧 사십 구년이 지나 오십 년을 거룩하게 하여 자유를 공포하는 날을 무슨 날이라고 하는가?",0,원년,희년,은혜의 해,축복의 해,2,1
58,칠칠절의 다른 이름은 무엇인가?,0,유월절,오순절,무교절,초막절,2,1
59,하나님이 이스라엘 자손 가운데 모든 처음 태어난 자 대신에 자신에게 돌리라고 하신 지파는 어디인가?,0,레위,유다,므낫세,베냐민,1,1
60,레위인은 희막 봉사를 25세부터 시작해서 몇 세까지 할 수 있었는가?,0,40세,50세,60세,70세,2,1
61,광야생활 중 백성이 악한 말로 원망하자 하나님이 이에 진노하셔서 여호와의 불로 진영 끝을 불타게 하셨던 곳은 어디인가?,0,세겜,다베라,브엘세바,기럇 아르바,2,1
62,모세가 가나안에 12명의 정탐꾼을 보낸다. 이들 중 돌아와서 긍정적인 보고를 한 두 사람은 누구인가?,0,"갈렙, 다니엘","갈렙, 여호수아","다니엘, 르우벤","여호수아, 르우벤",2,1
63,발람 선지자가 금은 보화를 받고 이스라엘을 저주하기 위하여 타고 갔던 동물은 무엇인가?,0,말,사자,낙타,나귀,4,1
64,발람의 예언 중에 민족들 가운데 으뜸이긴 하지만 그의 종말은 멸망일 것이라고 한 족속은?,0,겐,에돔,모압,아말렉,4,1
65,"구약에서 포도주와 독주를 멀리하고, 머리에 식도를 대지 아니하고 사는 날 동안 시체를 가까이하지 않아야 할 사람은 누구인가?",0,선지자,레위인,나실인,제사장,3,1
66,모세가 요단 동편에 거주하는 것을 허락한 3지파에 속하지 않는 지파는 어디인가?,0,갓,르우벤,시므온,므낫세,2,1
67,가나안 땅을 정복한 후 부지중에 살인한 자를 보호하기 위해 특별히 세우라고 한 도성은 무엇인가?,0,나사렛,도피성,시온성,여리고성,2,1
68,"아들이 없다는 이유로 기업을 받지 못하게 되자 이에 대해 이의를 제기하여 기업을 받게 된 말라, 노아, 호글라, 밀가, 디르사는 누구의 딸들인가?",0,사울,갈렙,여호수아,슬로브핫,4,1
69,모세가 언약의 두 돌판을 받고자 사십주 사십야를 머물렀던 산의 이름은 무엇인가?,0,골고다,알프스,갈보산,호렙산,4,1
70,이스라엘 백성이 광야에서 금송아지를 숭배한 사건과 관련이 없는 것은?,0,불뱀과 놋뱀 사건,모세의 40일 기도,아론을 위한 모세의 중보,금송아지를 빻아 시냇물에 뿌림,1,1
71,율법에 의하면 악인을 처벌하는 태형은 최고 몇 대까지 때릴 수 있는가?,0,20대,30대,40대,50대,3,1
72,지혜자의 눈을 어둡게하고 의인의 말을 굽게 하는 것은 무엇인가?,0,활,창 ,뇌물,막대기,3,1
73,하나님께서 밭에서 곡식을 벨 때 누구를 위해 남겨두라 망령하셨다. 여기에 포함되지 않는 대상은 누구인가?,0,고아,과부,청년,나그네,3,1
74,여호수아는 어떤 사람이 죽은 후 이스라엘의 지도자가 되었는가?,0,아벨,이삭,모세,아브라함,3,1
75,"""우리가 듣자 곧 마음이 녹았고 너희로 말미암아 사람이 정신을 잃었나니 너희의 하나님 여호와는 위로는 하늘에서도 아래로는 땅에서도 하나님이시니라."" 이 말은 여리고성이 멸망할 때 구원을 얻은 사람이 한 말이다. 누구인가?",0,라합,라멕,나단,다말,1,1
76,가나안 땅에 입성하면서 여호수아가 이끈 이스라엘 백성이 건넌 강은 무엇인가?,0,비손강,요단강,기흔강,유브라데강,2,1
77,가나안 정복을 위해 요단강을 건넌 후 강에서 가져온 열두개의 돌을 세운 곳은 어디인가?,0,아이,길갈,여리고,다메섹,2,1
78,이스라엘 백성들이 성 주위를 돌며 나팔을 불고 큰 소리를 내서 성벽을 무너뜨린 성은 어디인가?,0,아이,수산,여리고,예루살렘,3,1
79,하나님께 바쳐야 하는 물건을 자신이 가지는 범죄를 저지른 아간이 죽임을 당한 곳은 어디인가?,0,아둘람,갈멜산,골고다,아골 골짜기,4,1
80,여리고성 아이 성 정복 소식을 듣고 이스라엘과 화친하고자 먼 곳에서 왔다고 속여서 이스라엘을 위해 나무를 패고 물을 긷는 종이 된 사람들은 누구인가?,0,모압,암몬,아모리,기브온,4,1
81,여분내의 아들 갈렙이 자신의 산지를 달라고 요구하자 여호수아가 준 땅은 어디인가?,0,숙곳,길르앗,헤브론,마하나임,3,1
82,요단강 동편을 기업으로 차지한 지파가 아닌 것은?,0,깃,므낫세,르우벤,에브라임,4,1
83,애굽에서 가져온 요셉의 뼈를 장사한 곳은 어디인가?,0,세겜,헤브론,안디옥,브엘세바,1,1
84,이스라엘의 왼손잡이 사사로 모압 왕 에글론을 죽이고 구원을 가져온 인물은 누구인가?,0,에훗,삼손,옷니엘,사무엘,1,1
85,이스라엘의 사사 삼갈이 블레셋 사람 600명을 죽일 때 사용한 도구는 무엇인가?,0,창,칼,돌,막대기,4,1
86,기생의 자녀로 태어난 후 암몬을 물리치고 돌아올 때 자기를 집문에서 맞이하는 자를 번제로 드리겠다고 약속한 사사는 누구인가?,0,삼갈,입다,기드온,드보라,2,1
87,삼백 용사와 함께 나팔과 항아리와 횃불로 무장하게 하여 미디안 군사를 물리친 사사는 누구인가?,0,삼갈,삼손,기드온,옷니엘,3,1
88,사사 시대를 설명한 것 중 틀린 것은?,0,전쟁,솔로몬,왕이 없었음,사람이 자기 소견에 옳은 대로 행함,2,1
89,"""그 때에 이스라엘에 왕이 없으므로 사람이 각기 자기의 소견에 옳은 대로 행하였더라""는 말씀이 나오는 성경은 어디인가?",0,룻기,민수기,사사기,열왕기상,3,1
90,이스라엘의 12명 사사 중 유일한 여자 사사는 누구인가?,0,에훗,십보라,드보라,에스더,3,1
91,여룹바알의 아들로 자기 형제 70명을 죽이고 이스라엘의 왕이 되려고 한 사람은 누구인가?,0,네오,바로,아비멜렉,아브라함,3,1
92,이스라엘의 사사로 블레셋 여인 들릴라에게 마음을 빼앗겨 나실인의 서약을 지키지 못해 머리털이 깍여 수모를 당한 사람은 누구인가?,0,압돈,유다,삼손,헤라클레스,3,1
93,어떤 레위인의 첩이 기브아에서 능욕을 당하고 죽은 후 일어난 전쟁으로 멸족의 위기에 빠진 지파는 누구인가?,0,유다,스블론,베냐민,에브라임,3,1
94,룻기에 나오는 인물이 아닌 사람은 누구인가?,0,나단,보아스,나오미,엘리멜렉,1,1
95,룻은 이방 여인으로 예수의 족보에 기록된 인물이다. 그녀는 어느 지역 출신인가?,0,모압,암몬,블레셋,사마리아,1,1
96,모압 여인으로 보아스와 결혼하여 다윗의 조상이 된 여인은 누구인가?,0,룻기,한나,드보라,나오미,1,1
97,"다음은 누구의 말인가? ""어머니의 백성이 나의 백성이 되고 어머니의 하나님이 나의 하나님이 되시리니""",0,룻 ,다말,라합,오르바,1,1
98,모압 여인 룻의 시어머니로 보아스와의 결혼을 도왔던 여인은 누구인가?,0,한나,나오미,마리아,엘리사벳,2,1
99,엘가나의 아내 한나의 간절한 기도로 이스라엘을 이끌 영적 지도자가 태어난다. 그렇게 태어난 그녀의 자녀는 누구인가?,0,나단,이삭,삼손,사무엘,4,1
100,흡니와 비느하스의 아버지로 아들의 잘못을 책망하지 않고 방관하였으며 하나님의 궤가 블레셋에게 빼앗기자 그 충격으로 의자에서 넘어져 목이 부러져 죽은 사람은?,0,엘리,사울,엘가나,엘리후,1,1
101,"""여호와께서 여기까지 우리를 도우셨다""라는 의미를 가진 말은 무엇인가?",0,코람데오,에벤에셀,예루살렘,여호와 이레,2,1
102,사무엘이 다윗의 집에 기쁨을 부우러 왔을 때 다윗은 무엇을 하고 있었는가?,0,양을 치고 있었다,전투에 참여하고 있었다,음악을 연주하고 있었다,보이지 않는 곳에 숨어 있었다,1,1
103,"다음은 누구의 말인가? ""너는 칼과 창과 단창으로 내게 오거니와 나는 만군의 여호와의 이름 곧 네가 모욕하는 이스라엘 군대의 하나님의 이름으로…""",0,다윗,모세,솔로몬,아브라함,1,1
104,다윗이 거인 골리앗을 이기는데 사용한 무기는 무엇인가?,0,창,칼,활,돌,4,1
105,다윗이 불안해하는 악령에 붙잡힌 사울을 위해 연주한 악기는 무엇인가?,0,북,수금,피리,트럼펫,2,1
106,"이스라엘의 첫번째 왕으로 처음에는 겸손하였으나 점차 교만하여 제사장만이 할 수 있는 제사를 자신이 지냈고, 아말렉과의 전쟁에서 모든 것을 진멸하라는 하나님 말씀에 순종치 않아 책망을 들은 사람은 누구인가?",0,사울,다윗,솔로몬,르호보암,1,1
107,사울의 아들이지만 다윗을 자기 생명같이 사랑하고 피신을 도왔던 사람은 누구인가?,0,요나단,아비새,솔로몬,아기스,1,1
108,"다음은 누구의 행동을 묘사한 것인가? ""그들의 앞에서 그 행동을 변하여 미친 체하고 대문짝에 그적거리며 침을 수염에 흘리매…""",0,사울,다윗,모세,요나단,2,1
109,다윗이 사울을 죽일 수 있는 여러 번의 기회에도 죽이지 않았던 이유는 무엇인가?,0,다윗이 사울을 무시해서,친구 요나단의 아버지여서,하나님의 기름부음을 받았기에,사울이 부하로서 다윗을 아껴서,3,1
110,이스라엘의 용맹한 장수로서 명성을 떨친 스루야의 세 아들이 아닌 사람은 누구인가?,0,요압,아브넬,아비새,아사헬,2,1
111,사울의 군사령관으로 이스보셋을 왕으로 세웠으나 요압에게 죽임을 당한 사람은 누구인가?,0,아브넬,아비새,아사헬,바아나,1,1
112,다윗이 요나단과의 우정을 생각해서 은총을 베풀어 왕의 상에서 함께 식사를 할 수 있었던 사람은 누구인가?,0,여로보함,이스보셋,므비보셋,르호보암,3,1
113,다윗이 우리아의 아내 바세바와 간음하였을 때 왕을 책망한 선지자는 누구인가?,0,나단,요엘,이사야,요시야,1,1
114,다윗이 사랑한 아들로 외모가 출중하였지만 암논이 자신의 누이 다말을 욕되게 하자 복수한 후에 아버지 다윗에게 반역을 일으켰던 사람은 누구인가?,0,사독,시바,압살롬,솔로몬,3,1
115,사무엘하 24장에 기록된 다윗의 인구조사 때문에 하나님의 심판을 받을 때 다윗이 선택했던 벌은 무엇인가?,0,7년간의 기근,3동안의 전염병,왕위에서 물러남,3달동안 원수에게 쫓김,3,1
116,다윗이 죽은 후에 왕위를 계승한 사람은 누구인가?,0,암논,브나야,솔로몬,여호야다,3,1
117,다윗이 이스라엘을 통치한 기간은 얼마인가?,0,20년,30년,40년,50년,3,1
118,"다음은 누가 한 말인가? ""누가 주의 이 많은 백성을 재판할 수 있사오리까. 듣는 마음을 종에게 주사 주의 백성을 재판하여 선악을 분별하게 하옵소서""",0,다윗,암논,솔로몬,아도니아,3,1
119,"솔로몬은 일천번제를 드린 후, 하나님께서 나타나신 꿈에서 무엇을 구하였는가?",0,지혜,재물,명예,권력,1,1
120,솔로몬이 성전을 건축할 때 백향목과 잣나무 재목을 제공한 두로의 왕은 누구인가?,0,예후,히람,아기스,아하시야,2,1
121,솔로몬은 하나님의 성전을 몇 년 동안 건축하였는가?,0,1년,3년,7년,10년,3,1
122,성전의 두기둥으로 오른쪽은 야긴이라 이름 붙였다. 그렇다면 왼쪽은 무엇이라 이름 하였는가?,0,부아,십브라,보아스,에브라임,3,1
123,솔로몬이 히람에게 준 갈릴리 성읍이지만 히람이 이에 만족하지 못해 붙인 땅의 이름은 무엇인가?,0,기불,기브온,나사렛,빌립보,1,1
124,솔로몬은 후궁과 첩을 합쳐 모두 몇 명을 두었는가?,0,이백명,오백명,팔백명,일천명,4,1
125,솔로몬의 아들인 르호보암 시대에 이스라엘은 분열되어 북쪽 왕국 이스라엘과 남쪽 왕국으로 분열되었는데 남쪽 왕국을 무엇이라 불렀는가?,0,유다,베냐민,벳세다,사마리아,1,1
126,르호보암에 맞서 이스라엘 열지파가 왕으로 세운 사람은 누구인가?,0,아합,여호야다,여로보암,아도니야,3,1
127,가나안 점령 때 저주받은 여리고성을 재건하다가 맏아들과 막내 아들을 잃은 벧엘 사람은 누구인가?,0,히람,히엘,오므리,아하스,2,1
128,엘리야 선지자가 하나님의 능력을 힘입어 바알과 아세라 선지자들과 대결하면서 하늘에서 불이 내린 장소는 어디인가?,0,시온산,호렙산,갈멜산,겟세마네,3,1
129,선지자 엘리야 후계자로 수넴 여인의 아들을 살린 선지자는 누구인가?,0,다니엘,이사야,엘리사,사무엘,3,1
130,이스라엘 역사에서 악했던 아합왕의 아내로 온갖 악행을 저질렀던 여인은 누구인가?,0,이세벨,요시야,미리암,마리아,1,1
131,죽을 병에 걸린 히스기야가 하나님의 긍휼하심을 구하는 기도 후에 몇 년 생명을 연장 받았는가?,0,10년,15년,20년,25년,2,1
132,선지자 이사야는 히스기야에게 유다가 어떤 나라에게 멸망 될 것이라고 예언한다. 유다를 멸망시킬 나라는 어디인가?,0,애굽,바사,앗수르,바벨론,4,1
133,다윗이 하나님의 궤를 옮기다가 웃사가 죽자 누구의 집으로 옮겨 3달 동안 있도록 했는가?,0,요셉,엘리엘,스마야,오벧에돔,4,1
134,다윗의 인구조사로 전염병이 돌던 중에 다윗이 드리는 번제를 받으시고 재앙이 중단된 곳은 어디인가?,0,기브온 산당,아골 골짜기,길갈의 성막,오르난의 타작마당,4,1
135,하나님이 다윗에게 성전 건축을 허락하지 않은 이유는 무엇인가?,0,교만해서,나이가 많아서,피를 많이 흘려서,솔로몬을 더욱 사랑해서,3,1
136,"다음은 누가 한 말인가? ""내 아버지는 가죽 채찍으로 너희를 치셨으나 나는 전갈 채찍으로 하리라.""",0,사울,다윗,솔로몬,르호보암,4,1
137,하나님이 마음을 감동시켜 유대인들을 포로생활에서 해방시켜 준 바사 왕은 누구인가?,0,다리오,고레스,느부갓네살,아하수에로,2,1
138,바사 왕 고레스가 유대인들을 예루살렘으로 돌아가도록 조치한 이유는 무엇인가?,0,성벽 재건,왕의 궁전 재건,바사의 인구 초과,여호와의 성전 재건,4,1
139,에스라는 무엇을 통해 이스라엘의 죄악을 고발하고 회개를 이끌었는가?,0,공권력 동원,예언자의 예언,친절한 말과 부탁,율법 읽기와 설명,4,1
140,느헤미야가 어떤 직위에 있을 때 예루살렘 성의 비참한 상황을 알게 되었는가?,0,술 맡은 자 ,문서 기록관,군대 지휘관,성문 지키는 자,1,1
141,느헤미야가 예루살렘의 비참한 상황을 알고 난 후 가장 먼저 한 행동은 무엇인가?,0,성벽 수리 ,금식 기도,전문가 상담,왕에게 보고,2,1
142,느헤미야의 성벽 재건을 방해한 호론 사람은 누구인가?,0,발랄,살룬,산발릿,말기야,3,1
143,느헤미야가 예루살렘 성벽을 재건하게 백성들을 독려하면서 했던 말은 무엇인가?,0,내가 뛰어난 지도자이다,적들을 이길 능력이 있다,하나님의 선한 손이 도우신다,왕이 충분한 재료를 후원한다,3,1
144,느헤미야가 율법책을 가져와 백성들에게 읽어주도록 부탁한 사람은 누구인가?,0,다니엘,엘리야,에스라,사무엘,3,1
145,느헤미야의 개혁 중 율법책에서 하나님의 총회에 영원히 들어오지 못하도록 금지해서 분리시킨 사람들은 누구인가?,0,모압 사람,에돔 사람,애굽 사람,사마리아 사람,1,1
146,모르드개의 요청을 듣고 '죽으면 죽으리라'는 믿음으로 왕 앞에 나가 유대 민족의 구원을 이루어 낸 왕후는 누구인가?,0,리브가,마리아,에스라,에스더,4,1
147,에스더는 어떤 왕의 왕비인가?,0,바로,사울,다리오스,아하수에로,4,1
148,에스더서에서 유다 사람을 모두 죽이고자 했지만 실패하고 오히려 자신이 죽임을 당한 사람은?,0,하만,빌립,모르드개,느헤미야,1,1
149,에스더가 유다 민족을 구원하면서 이를 기념하여 지키게 된 절기는 무엇인가?,0,초막절 ,유월절,부림절,오순절,3,1
150,에스더서에 등장하는 인물이 아닌 것은?,0,욥,하만,모르드개,아하수에로,1,1
151,욥기 1장에서 욥은 어떤 사람이라고 소개되고 있는가?,0,"충성, 경외","정직, 경외","충성, 사랑","정직, 사랑",2,1
152,욥을 위로하기 위해 찾아온 친구 중에 아닌 사람은 누구인가?,0,빌닷,소발,산발랏,엘리바스,3,1
153,욥은 친구들과 함께 며칠 동안 괴로워 하는가?,0,5일,7일,9일,10일,2,1
154,욥은 자신의 무엇을 저주하였는가?,0,생일,나이,운명,자녀,1,1
155,욥은 고난이 너무 심해 무엇을 깎는 고통을 당한다고 비유하는가?,0,뼈,책망,무릎,전능자,1,1
156,"시편 18편에서 저자는 여호와는 나의 반석, 요새, 건지시는 이, 나의 하나님이시며 그 안에 피할 나의 바위, 방패시오 나의 ( )과 ( )이라 소개한다. 빈칸에 들어갈 말은?",0,"소망, 구원","소망, 능력","구원의 뿔, 산성","구원의 투구, 산성",3,1
157,그리스도께서 십자가에서 고난 받으실 것을 예언하고 있는 시편은 몇 편인가?,0,시편 19편,시편 22편,시편 23편,시편 37편,3,1
158,다윗은 밧세바와 동침한 후 하나님께 회개하며 무엇을 새롭게 해달라고 구했는가?,0,기쁜 영,깨끗한 영,정직한 영,죄로 가득한 영,3,1
159,"시편에서 ""악인들의 꾀를 따르지 아니하며 죄인들의 길에 서지 아니하며 오만한 자들의 자리에 앉지 아니하고…"" 이 사람을 어떤 사람이라고 묘사하는가?",0,화 있는 사람,복 있는 사람,지혜 있는 사람,율법 있는 사람,2,1
160,다윗은 여호와께서 자신을 풀밭에 누이시며 어디로 인도하신다고 고백하는가?,0,의의 물가,쉴만한 물가,평안한 물가,기쁨의 물가,2,1
161,시편 119편에서 저자는 청년의 행실을 깨끗하게 하는 것은 ( )을 지키는 것이라 소개한다. 빈칸에 들어갈 말은 무엇인가?,0,증거,찬송,약속,말씀,4,1
162,시편은 총 몇편으로 구성되어 있는가?,0,120편,130편,140편,150편,4,1
163,"잠언에서 저자는 여호와를 ( )  하는 것이 지식의 근본이며, 미련한 자는 지혜와 훈계를 멸시한다고 말한다. 빈칸에 들어갈 말은 무엇인가?",0,찬양,경외,경청,사랑,2,1
164,잠언에서 저자는 ( )이 생명의 근원이기에 그 어느 것보다 지켜야 한다고 권면한다. 이것은 무엇인가?,0,돈,말,목숨,마음,4,1
165,좀 더 자자 좀 더 졸자 좀 더 누워있자고 말하는 사람에게는 무엇이 강도같이 오게 되는가?,0,빈궁,게으름,고통,재앙,1,1
166,잠언 25장에서 슬기로운 자의 책망은 청종하는 귀에 무엇으로 소개 하는가?,0,"은 고리, 백금 장식","은 고리, 정금 장식","금 고리, 정금 장식","금 고리, 백금 장식",3,1
167,잠언의 저자는 누구인가?,0,욥,다윗,모세,솔로몬,4,1
168,"전도서에서 저자는 지혜가 많으면 ( )이 많고, 지식을 더하는 자는 ( )을 더한다고 말한다. 빈칸에 들어갈 말은 무엇인가?",0,"능력, 지혜","능력, 경험","번뇌, 근심","번뇌, 역경",3,1
169,전도서 청년의 때에 ( )를 기억하라고 권면한다. 빈칸에 들어갈 말은 무엇인가?,0,부모,스승,전도자,창조주,4,1
170,"전도서에서 솔로몬은 하나님이 모든 것을 때를 따라 지으시고, 아름답게 하셨으며 사람들에게는 ( )을 사모하는 마음을 주셨다고 말하는가?",0,말씀,영원,생명,명철,2,1
171,전도서를 통해 전도자는 지혜가 무엇보다 낫다고 말했는가?,0,무기,평화,사랑,능력,1,1
172,아가서의 저자는 누구인가?,0,다윗,나단,이새,솔로몬,4,1
173,아가서 2장에서 나는 사론의 수선화요 골짜기의 무엇이라고 표현하는가?,0,백합화,무화과,가시나무,무화과나무,1,1
174,사랑하는 자의 몸은 아로새긴 상아에 무엇을 입힌 것 같다고 하는가?,0,금,은,청옥,구리,3,1
175,아가서에서는 사랑하는 자의 키를 이 나무에 비유하고 있다. 이 나무는 무엇인가?,0,종려나무,가시나무,사시나무,무화과나무,1,1
176,이시야 10장 5절에 기록된 진노의 막대기가 상징하는 나라는 어디인가?,0,하란,애굽,바벨론,앗수르,4,1
177,이사야서는 총 몇장으로 이루어져 있는가?,0,55장,58장,62장,66장,4,1
178,이사야 선지자의 두 아들의 이름은 무엇인가?,0,가인과 아벨,요엘과 아비야,암논과 길르압,스알야숩과 미할살랄하스비스,4,1
179,"다음은 어디를 향한 예언인가? ""주 만군의 여호와께로부터 이르는 소란과 밟힘과 혼란의 날이여 성벽의 무너뜨림과 산악에 사무쳐 부르짖는 소리로다""",0,애굽,이스라엘,환상의 터,환상의 골짜기,4,1
180,"이사야 30장에서 유다 백성을 향해 이들은 패역한 백성이자, 거짓말 하는 자들로 무엇을 듣기 싫어하는 자식이라 말하는가?",0,왕의 소리,예언자의 법,여호와의 법,울부짖는 소리,2,1
181,이사야 53장에서 고난 받는 종은 누구를 가르키는가?,0,다윗,이사야,예레미야,예수그리스도,4,1
182,예레미야 1장에서 예레미야는 누구의 아들로 소개되는가?,0,유다,아몬,힐기야,요시야,3,1
183,이스라엘 백성들이 하나님께 돌아오기 위해 버려야 할 것은 무엇인가?,0,권력 ,재물,가증한 것,교만한 마음,3,1
184,예레미야 17장에서 마음이 여호와에게서 떠난 사람은 무엇을 받는다고 말씀하셨습니까?,0,불행,분노,저주,심판,3,1
185,예레미야를 때리고 베냐민 문 위층에 묶은 사람은 누구인가?,0,힌놈,바스훌,스바냐,시드기야,2,1
186,하나님은 유다 백성이 몇 년 동안 바벨론의 포로생활이 되게 하셨는가?,0,40년,50년,60년,70년,4,1
187,유다의 악행으로 생긴 이것은 영원히 꺼지지 않는다. 이것은 무엇인가?,0,탐욕의 불,애통의 불,교만의 불,분노의 불,4,1
188,예레미야는 무엇으로 시온을 덮었다고 하나님의 진노를 표현하는가?,0,별,달,태양,구름,4,1
189,예레미야는 백성들이 잔인하여 마치 광야의 이것과 같다고 한다. 이것은 무엇인가?,0,사슴,가시,모래,타조,4,1
190,예레미야애가 4장에서 내 딸 백성의 죄가 무엇의 죄악보다 무겁다고 말하는가?,0,애굽,소돔,바벨론,앗수르,2,1
191,백성이 멸망할 때 자비로운 부녀들이 자신의 손으로 무엇을 삶아 먹었다고 하는가?,0,뼈,손,자녀,가죽,3,1
192,에스겔 1장에서 에스겔이 본 생물의 얼굴이 아닌 것은 무엇인가?,0,소,양,사자,독수리,2,1
193,에스겔이 두루마리 책을 먹으니 무엇처럼 달다고 했는가?,0,꿀,꽃,말씀,생명,1,1
194,에스겔 14장에서 하나님이 예루살렘에 내린 네 가지 벌 가운데 아닌 것은 무엇인가?,0,홍수,기근,전염병,사나운 짐승,1,1
195,에스겔 15장에서 예루살렘 주민들을 어떤 나무에 비유하는가?,0,잣나무,백향목,가시나무,포도나무,4,1
196,오흘리와 오흘리바는 무엇을 상징하는가?,0,소돔과 고모라,바렐론과 앗수르,헤스븐과 야하스,사마리아와 예루살렘,4,1
197,에스겔 19장에서 이스라엘 고관들을 위해 무엇을 지으라고 하는가?,0,집,예가,성전,기도,2,1
198,에스겔 24장에서 '녹슨 가마'는 무엇을 상징하는가?,0,애굽,앗수르,사마리아,예루살렘,4,1
199,다니엘은 며칠 동안 채식을 시험하여 와의 음식을 먹은 소년들보다 좋게 평가 받았는가?,0,6일,8일,10일,12일,3,1
200,왕이 만든 신상에 절하지 않는 사람을 죽이고자 어디에 던져 넣었는가?,0,감옥,독사굴,사자굴,풀무불,4,1
201,벨사살과 귀족들이 본 사람의 손가락이 벽에 쓴 글은 무엇인가?,0,에바다,달리다굼,엘리 멜리 라마 사박다니,메네 메네 데겔 우바르신,4,1
202,다니엘은 금령이 선포되었음에도 하루에 몇 번 기도 하였는가?,0,3번,5번,7번,9번,1,1
203,고레스왕 3년에 다니엘에게 보여주신 환상은 무엇에 관한 것인가?,0,생명,반란,죽음,큰 전쟁,4,1
204,호세아와 결혼한 여인의 이름은 무엇인가?,0,가멜,라합,고멜,라헬,3,1
205,호세아 6장에서 하나님은 번제보다 무엇을 아는 것을 원한다고 말하는가?,0,인애,제사,하나님,선지자,3,1
206,호세아의 셋째 아들인 로암미의 뜻은 무엇인가?,0,너를 알지 못한다,내 백성이 아니다,하나님께서 흩으셨다,긍휼히 여김을 받지 못한다,2,1
207,하나님께서 이것으로 소망의 문을 삼아주신다고 하셨다. 이것은 무엇인가?,0,지식,진리,아골 골짜기,환상의 골짜기,3,1
208,요엘은 범죄한 민족을 심판하시기 위해 무엇을 보내셨다고 말하는가?,0,어둠,전염병,파리 떼,메뚜기 떼,4,1
209,요엘서 2장에서 늙은이는 꿈을 꾸며 너희 젊은이는 무엇을 볼 것이라 말하는가?,0,재물,이상,능력,과거,2,1
210,여호와의 이름을 부르는 자는 무엇을 얻는다고 요엘서는 말하고 있는가?,0,명예,구원,재물,권력,2,1
211,이스라엘은 신발 한 켤레 값으로 어떤 사람을 팔았는가?,0,여인,어린아이,의로운 사람,가난한 사람,4,1
212,사마리아에 사는 바산의 암소들은 그들의 죄로 인해 어디에 던져지는가?,0,에돔,바산,앗수르,하르몬,4,1
213,"""아모스 선지자는 이것을 물 같이, 공의를 마르지 않는 강 같이 흐르게 할 것이라고 외친다. 이것은 무엇인가?",0,정의,율법,말씀,은혜,1,1
214,아모스는 드고아의 목자 출신으로 이것을 재배하던 농부였다. 이것은 무엇인가?,0,수선화,잣나무,뽕나무,벗나무,3,1
215,바위 틈에 거하며 높은 곳에 위치한 나라로 교만함에 대하여 지적받는 나라는 어디인가?,0,소돔,에돔,고모라,앗수르,2,1
216,에돔은 누구에게 행한 포악으로 말미암아 심판을 받는가?,0,요셉,야곱,다윗,이삭,2,1
217,오바댜서는 전체 몇장으로 구성되어 있는가?,0,1장,2장,3장,4장,1,1
218,니느웨로 가라는 하나님의 명령을 거역하고 요나는 어디로 도망치는가?,0,애굽,모압,다시스,다메섹,3,1
219,회개한 요나가 니느웨로 가서 하룻길을 행하며 어떤 메시지를 선포하는가?,0,40일이 지나면 니느웨가 무너지리라,40일이 지나면 니느웨가 장성하리라,30일이 지나면 니느웨가 무너지리라,30일이 지나면 니느웨가 장성하리라,1,1
220,니느웨 백성들이 회개하면서 입은 옷은 무엇인가?,0,털옷,보자기,채색 옷,굵은 베옷,4,1
221,하나님은 쉬고 있는 요나에게 무엇을 주시면서 그늘을 만들어 주셨는가?,0,비,구름,어둠,박넝쿨,4,1
222,요나가 성을 동쪽으로 가서 초막을 짓고 그늘에 앉은 이유는 무엇인가?,0,니느웨 백성들을 책망하려고,니느웨 백성들의 죄를 고발하려고,성에 무슨 일이 일어나는지 보려고,자신의 생명을 거두어 달라고 청하려고,3,1
223,미가는 메시아의 탄생이 이곳에서 이루어질 것을 예언한다. 이곳은 어디인가?,0,갈릴리,베다니,사마리아,베들레헴,4,1
224,이곳은 딸 시온의 죄의 근본이라고 한다. 이곳은 어디인가?,0,여리고,라기스,사마리아,에브라임,2,1
225,미가서 6장에서 하나님이 이스라엘을 애굽 땅에서 인도하기 위해 보낸 사람이 아닌 사람은?,0,모세,아론,노아,미리암,3,1
226,"미가서 7장에서 어떤 자가 세상에서 끊어졌고, 어떤 자가 사람들 가운데 없다고 말하는가?",0,"의인, 정직","의인, 선한","경건, 정직","경건, 존귀",3,1
227,나홈 1장에서 여호와께서는 니느웨를 무엇으로 진멸하신다고 말씀하는가?,0,칼과 창,말과 병거,파괴하는 자 ,범람하는 물,4,1
228,모든 산성은 이 나무의 처음 익은 열매가 흔들기만 하면 먹는 자의 입에 떨어짐과 같다고 한다. 이 나무는 무엇인가?,0,무화과 ,떨기나무,포도나무,가시나무,1,1
229,여호와는 선하시며 환난 날에 이것이다. 이것은 무엇인가?,0,산성,요새,소망,소원,1,1
230,나훔서는 어느 나라에 대한 묵시인가?,0,애굽,다시스,니느웨,앗수르,3,1
231,"하박국 1장에서 ""너희의 생전에 내가 한 가지 일""을 행하시겠다고 하신 이 '한 가지 일'은 무엇인가?",0,남유다 심판,바벨론 포로,공의와 정의,메시야 탄생,1,1
232,하박국 선지자는 물이 바다를 덮음 같이 무엇을 인정하는 것이 세상에 가득하다고 선포하는가?,0,여호와의 영광,여호와의 능력,선지자의 영광,선지자의 능력,1,1
233,"하박국 3장에서 하박국 선지자는 무화과나무가 무성하지 못하고, 포도 열매가 없고, 밭에 먹을 것이 없어도 무엇으로 말미암아 즐거워 한다고 하는가?",0,심판,공의,정의,여호와,4,1
234,하박국 3장에서 오직 여호와는 이곳에 계시니 온 땅은 그 앞에서 잠잠하게 된다. 이곳은 어디인가?,0,유다,성전,예루살렘,사마리아와 예루살렘,2,1
235,하박국에서 의인은 무엇으로 살아야 한다고 하는가?,0,말씀,기도,믿음,봉사,3,1
236,스바냐 2장에서 여호와의 규례를 지키는 자들은 여호와를 찾으며 무엇을 구하라 말하는가?,0,공의와 겸손,공의와 정의,능력과 은혜,능력과 판단,1,1
237,스바냐 2장에서 가사는 버림을 당하며 아스글론은 폐허가 되고 이곳은 쫓겨난다. 이곳은 어디인가?,0,그렛,에그론,아스돗,블레셋,3,1
238,스바냐 2장에서 여호와께서 북쪽을 향하여 손을 펴서 어떤 나라를 멸망 시키신다고 하셨는가?,0,애굽,다시스,바벨론,앗수르,4,1
239,스바냐는 누구의 아들인가?,0,구몬 ,아몬,구시,요엘,3,1
240,학개서 1장에서 성전 건축이 다시 시작된 시기는 언제 인가?,0,다리오왕 1년 6월 14일,다리오왕 1년 6월 24일,다리오왕 2년 6월 14일,다리오왕 2년 6월 24일,4,1
241,학개서 2장에서 학개 선지자는 하나님께서 모든 나라를 진동시켜 보배가 이르고 성전에 무엇이 충만하게 하는 것이라고 예언하는가?,0,보화,말씀,영광,평강,3,1
242,학개 선지자는 하나님께서 재건된 성전에 무엇을 주신다고 예언했는가?,0,소망,영광,평강,보배,3,1
243,학개서 1장에서 여호와께서는 무엇으로 말미암아 기뻐하고 또 영광을 얻으시겠다고 말씀하시는가?,0,제사,찬양,수확,성전 건축,4,1
244,학개 선지자는 여호와께서 제사장에게 무엇에 대해 물을 것이라고 말하는가?,0,율법,공의,정의,영광,1,1
245,스가랴가 본 환상 중 화석류나무 사이에 서 있는 자는 무엇을 타고 있었는가?,0,붉은 말,붉은 나귀,자줏빛 말,자줏빛 나귀,3,1
246,하나님께서 스가랴 선지자에게 보여준 등잔은 몇 개인가?,0,5개,6개,7개,8개,3,1
247,하나님은 예루살렘 성을 어떤 성읍이라 말씀하시는가?,0,진리의 터,진리의 성,공의의 터,공의의 성,2,1
248,말라기 4장에서 여호와를 경외하는 자에게는 어떤 해가 떠올라서 치료하는 광선을 비추게 되는가?,0,기쁨의 해,심판의 해,환란의 해,공의로운 해,4,1
249,말라기 1장에서 여호와께서 에서는 미워하였으며 그의 산들을 황폐하게 하였고 그의 산업을 광야의 이것들에게 넘기셨다. 이것은 무엇인가?,0,돌풍,모래,맹수,이리,4,1
250,말라기 3장에서 말라기 선지자는 너희의 온전한 이것을 창고에 들이라고 말한다. 이것은 무엇인가?,0,곡식,마음,기도,십일조,4,1
1,마태복음 1장에 소개된 예수님의 족보에 언급되지 않는 여자는 누구인가?,0,룻,다말,사라,라합,3,2
2,"헤룻왕이 아기 예수를 죽이려하자, 주의 사자는 요셉에게 어디로 피하라고 말하는가?",0,로마,애굽,사마리아,예루살렘,2,2
3,다음 중 세례 요환의 모습을 설명한 것으로 맞지 않는 것은?,0,낙타털로 옷을 입었다,감람나무 지팡이를 들었다,허리에는 가죽 띠를 사용했다,메뚜기와 석청을 음식으로 먹었다,2,2
4,마태복음에서 첫 번째로 예수님께서 고치신 병은 무엇인가?,0,나병,열병,혈루병,중풍병,1,2
5,바리새인들이 예수님을 죽이려고 처음으로 의논한 것은 언제부터인가?,0,세례받으신 후부터,물위를 걸으신 후부터,죽은 사람을 살리신 이후부터,한쪽 손 마른 사람을 고치신 후부터,4,2
6,"로마 총독 빌라도가 ""네가 유대인의 왕이냐"" 묻자 예수님은 어떻게 대답하셨는가?",0,네 말이 옳도다,너는 하나님을 두려워하라,네 말을 스스로 증명하라,네가 무슨 말하는지 나는 알지 못한다,1,2
7,마가복음은 처음부터 예수님을 어떻게 부르며 시작하는가?,0,세상의 구주 예수,태초에 계셨던 말씀,묵시의 시작이신 예수,하나님의 아들 예수 그리스도,4,2
8,거라사 지역의 귀신들린 사람은 예수님을 누구라고 불렀는가?,0,선지자,다윗의 자손,요셉의 아들,하나님의 아들 ,4,2
9,마가복음에서 예수님께서 재물이 많은 청년에게 예를 들어 말씀하신 계명이 아닌 것은 무엇인가?,0,살인하지 말라,네 부모를 공경하라,거짓 증언하지 마라,안식일을 거룩히 지키라,4,2
10,"예수님이 누구의 집에서 식사하실 때, 한 여자가 향유를 예수님의 머리에 부었는가?",0,요한,시몬,삭개오,야이로,2,2
11,"마가복음에 따르면, 예수님께서 ""엘리 엘리 라마 사박다니""라고 부르짖으신 시간은 몇 시인가?",0,정오,삼시,육시,구시,4,2
12,"누가복음에서 하나님을 향해 ""능하신 이가 큰 일을 내게 행하셨으니 그 이름이 거룩하시며 긍휼하심이 두려워하는 자에게 대대로 이르는도다""라고 찬양한 사람은 누구인가?",0,요셉,마리아,엘리사벳,세레 요한,2,2
13,예수님을 만났던 여선지자 안나는 어느 지파 출신인가?,0,유다,아셀,베냐민,므낫세,2,2
14,예수님께서 나인성의 과부의 아들을 살리시는 기적을 본 사람들의 반응은 어땠는가?,0,성전으로 가서 제사를 드렸다,두려워하며 하나님께 영광을 돌렸다,두려워하며 예수를 피하기 시작했다,예수에게 다른 사람도 살려달라고 요청했다,2,2
15,빌라도가 예수님을 심문하면서 제일 처음 물었던 말은 무엇인가?,0,네가 유대인의 왕이냐,네가 다윗의 자손이냐,네 죄가 무엇인지 아느냐,네가 가이사를 대적하느냐,1,2
16,예수님께서 십자가에서 죽으시는 모습을 보고 '이 사람은 정녕 의인이었도다'고 말한 사람은 누구인가?,0,백부장,바리새인,대제사장,로마 병사,1,2
17,대제사장들과 서기관들이 예수님을 죽일 방법을 서로 논의한 이유는 무엇인가?,0,로마가 두려워서,백성들이 두려워서,하나님이 두려워서,예수님의 능력이 두려워서,2,2
18,요한은 율법이 모세로 말미암아 주어진 것이라고 말한다. 그렇다면 예수 그리스도로 말미암아 온 것은 무엇인가?,0,은혜와 능력,은혜와 진리,세례와 능력,말씀과 은사,2,2
19,예수님은 니고데모에게 사람이 거듭나지 않으면 무엇을 볼 수 없다고 말씀하셨나?,0,성령,진실,영혼,하나님 나라,4,2
20,예수님께서 갈릴리에 오셔서 행하신 두 번째 표적은 무엇인가?,0,물위를 걸으심,오병이어의 표적,죽은 자를 살리심,왕의 신하의 아들을 고치심,4,2
21,우리도 주와 함께 죽으러 가자고 말했던 사람은 누구인가?,0,요한,도마,빌립,베드로,2,2
22,다음 중 보혜사 성령께서 오셔서 세상을 책망하실 일에 속하지 않는 것은 무엇인가?,0,죄에 관하여,의에 관하여,심판에 관하여,믿음에 관하여,4,2
23,다음중 로마총독 빌라도가 예수님에게 질문한 내용이 아닌 것은?,0,진리가 무엇이냐,네가 왕이 아니냐,네가 유대인의 왕이냐,네가 하나님의 아들이냐,4,2
24,마태복음 1장 1절은 예수 그리스도를 누구와 누구의 자손으로 소개하고 있는가?,0,야곱과 레아,이삭과 리브라,아브라함과 다윗,아브라함과 야곱,3,2
25,예수님께서 태어나실 때 유대 땅의 왕은 누구였나?,0,네로,빌립,헤롯,빌라도,3,2
26,예수님은 광야에서 며칠 동안 금식하셨는가?,0,삼십 일,사십 일 ,오십 일,육십 일,2,2
27,예수님께서 말씀하신 여덟가지 복에 관한 내용 중 마음이 청결한 자가 받게 될 복은 무엇인가?,0,하나님을 볼 것이다,천국에 들어갈 것이다,긍휼히 여김을 받을 것이다,하나님의 아들이라 불리울 것이다,1,2
28,"예수님은 기도할 때, 외식하는 자들처럼 길에서 기도하지 말고 어디에서 기도 하라고 가르치셨는가?",0,성전,골방,광야,감람산,2,2
29,예수님께서 무덤 사이에서 나온 귀신들린 자 두 사람을 고치신 지역은 어디인가?,0,가다라,여리고,가버나움,데가볼리,1,2
30,예수님께서는 여자가 낳은 자 중에 이 사람보다 더 큰 사람은 없다고 말씀하신다. 이 사람은 누구를 가르키는가?,0,베드로,빌라도,세레 요한,사도 바울,3,2
31,예수님께서 안식일의 주인은 누구라고 말씀하시는가?,0,인자,사람,하나님,유대인,1,2
32,예수님께서 얼굴이 해처럼 빛나는 모습으로 변화하신 것을 목격한 제자에 해당하지 않는 사람은 누구인가?,0,요한,도마,베드로,야고보,2,2
33,예루살렘에 입성하실 때 사람들은 예수님을 누구라고 불렀는가?,0,왕,제사장,선지자,메시아,3,2
34,예수님의 십자가를 억지로 대신 지고 간 사람은 누구인가?,0,마태,나사로,바돌로매,구레나 사람 시몬,4,2
35,예수님께서 예루살렘에 입성하실 때 탔던 짐승은 무엇인가?,0,말,낙타,염소,나귀,4,2
36,가이사에게 세금을 바치는게 맞는지를 묻는 바리새인들에게 예수님은 무엇이라고 말씀하셨는가?,0,세금을 바치지 말라,모든 것이 하나님의 것이다,내가 답할 수 있는 질문이 아니다,"가이사의 것은 가이사에게, 하나님의 것은 하나님께 바쳐라",4,2
37,신랑을 맞으러 나간 열처녀 비유에서 기름을 준비하지 못한 처녀는 몇 명인가?,0,다섯 명,여섯 명,일곱 명,여덟 명,1,2
38,예수님을 심문했던 대제사장의 이름은 무엇인가?,0,엘리,시므온,가야바,요나단,3,2
39,마태복음 28장에서 무덤에 왔던 여인들을 향하여 예수님께서 처음으로 하신 말씀은 무엇인가?,0,평안하냐,어디로 가느냐,내 제자들에게 가라,나를 왜 알아보지 못하느냐,1,2
40,가버나움에서 네 명의 사람들이 병자 한명을 데리고 나왔다. 이 사람은 무슨 병에 걸렸는가?,0,열병,혈루증,중풍병,귀신들린 자,3,2
41,마가복음 4장에서 예수님은 풍랑을 보고 두려워하는 제자들을 향하여 무엇이라고 말씀하셨는가?,0,너희가 어찌 두려워하느냐,너희가 어찌 믿음이 없느냐,너희가 어찌 노력하지 않느냐,너희가 어찌 기도하지 않느냐,2,2
42,마가복음 4장에서 다음 중 희당장의 딸을 살리실 때 데려가지 않은 제자는 누구인가?,0,요한,베드로,안드레,아고보,3,2
43,다음 중 예수님의 형제가 아닌 사람은?,0,유다,시몬,요셉,빌립,4,2
44,예수님 시대에 부활이 없다고 생각했던 사람들은 누구인가?,0,율법사,바리새인,사두개인,대제사장,3,2
45,"예수님께서 헌금함 곁에 계실 때, 과부가 바쳤던 헌금의 액수는?",0,두 렙돈,두 세겔,두 달란트,두 데나리온,1,2
46,예수님은 환란이 이 계절에 일어나지 않도록 기도하라고 하셨다. 어떤 계절인가?,0,봄,여름,가을,겨울,4,2
47,예수님은 자신에게 다가오는 고난을 위해 기도하시다가 오셨을 때 제자들은 무엇을 하고 있었는가?,0,자고 있었다,기도하고 있었다,토론하고 있었다,두려워 떨고 있었다,1,2
48,유대인들이 예수님 대신 석방을 요구한 죄수는 누구인가?,0,다대오,바라바,고넬료,바돌로매,2,2
49,골고다라는 곳을 번역하면 무슨 뜻인가?,0,처형의 곳,해골의 곳,망각의 장소,시신을 버리는 곳,2,2
50,마가복음에 따르면 예수님께서 처형되는 장면을 멀리서 바라봤던 여인이 아닌 사람은 누구인가?,0,루디아,살로메,막달라 마리아,요세의 어머니 마리아,1,2
51,안식일이 지난 후 예수님의 무덤으로 갔던 여인이 아닌 사람은 누구인가?,0,살로메,삽비라,막달라 마리아,야고보의 어머니 마리아,2,2
52,세례 요한의 아버지 사가랴는 어느 반열에 있는 제사장이었는가?,0,말기야,아비야,스가냐,들라야,2,2
53,세례 요한의 어머니의 이름은 무엇인가?,0,한나,마리아,살로메,엘리사벳,4,2
54,"예수님께서 출생하시던 당시, 누가 명을 내려 호적을 하라고 했는가?",0,헤룻,빌립,빌라도,가이사 아구스도,4,2
55,예수님께서 유월절을 지키기 위해 부모와 함께 예루살렘에 올라갔을 때 나이는 몇살인가?,0,열 두 살,열 세 살,열 네 살,열 다섯 살,1,2
56,세례 요한은 군인들에게 어떻게 하라고 말하는가?,0,유대인을 핍박하지 말라,받는 급료를 족한 줄 알라,전쟁에 나가 용감히 싸우라,전리품을 과하게 취하지 말라,3,2
57,예수님은 게네사렛 호수에서 누구의 배에 올라가 사람들을 가르치셨는가?,0,요한,마태,시몬,도마,3,2
58,예수님의 일행을 도와주었던 막달라 마리아에게는 몇 귀신이 들렸었는가?,0,열,일곱,여덟,아홉,2,2
59,"거라사 지역에서 예수님께서 귀신들린 사람을 고쳐주시자, 그 곳 사람들은 예수님께 무엇을 요구했는가?",0,떠나가시길 요구함,기도해주시길 요구함,말씀을 들려주시길 구함,더 많은 환자를 치료해주시길 요구함,1,2
60,선한 사마리아인의 비유에 등장하지 않는 사람은?,0,제사장,레위인,서기관,사마리아인,3,2
61,예수님은 인자의 날에 누구를 기억하라고 하셨는가?,0,룻의 아내,야곱의 아내,다윗의 아내,아브라함의 아내,1,2
62,여리고에 가까이 가셨을 때 만난 맹인은 예수님을 무엇이라고 불렀는가?,0,다윗의 자손,하나님의 아들,아브라함 자손,이스라엘의 구원자,1,2
63,감람산에 오르신 예수님께서 기도하시기 전 제자들에게 부탁하신 내용은 무엇인가?,0,좌우를 경계하라,말씀을 서로 토론하라,두렵지 않도록 찬송하라,유혹에 빠지지 않게 기도하라,4,2
64,"누가복음 23장에 따르면, 해가 빛을 잃고 온 땅에 어둠이 임하기 시작한 시간은 몇시인가?",0,정오,제삼시,제육시,제구시,3,2
65,무덤에 찾아온 여인들에게 천사가 제일 먼저 한 말은 무엇인가?,0,빈무덤에 들어가보라,제자들에게 돌아가라,어찌하여 아직도 믿지 못하느냐,어찌하여 살아있는 자를 죽은자 가운데서 찾느냐,4,2
66,누가복음 24장에서 예수님의 무덤에 제일 먼저 찾아가 들여다 본 제자는 누구인가?,0,베드로,요한,안드레,마태,1,2
67,요한복음은 무엇이 사람들의 빛이라고 말하는가?,0,능력,생명,권세,물질,2,2
68,"요한복음 1장에서 나다나엘에게 ""와서 보라""고 권면했던 사람은 누구인가?",0,요한,빌립,도마,베드로,2,2
69,예수님은 유대인들에게 성전을 헐면 며칠 만에 다시 세우겠다고 말씀하셨는가?,0,이틀,하루,사흘,일주일,3,2
70,요한복음에서 현장에서 간음하다 잡힌 여인에게 예수님께서 하신 말씀은 무엇인가?,0,항상 깨어 기도하라,가서 네 남편을 데려오라,성전에 가서 제사를 드리라,가서 다시는 죄를 범하지 말라,4,2
71,요한복음에서 명절에 예배하러 온 헬라인들은 예수님을 만나기 위해서 누구에게 부탁하는가?,0,빌립,베드로,나다나엘,가롯 유다,1,2
72,"요한복음에서 다음은 누구에게 하신 말씀인가? ""내가 이렇게 오래 너희와 함께 있으되 네가 나를 알지 못하느냐 나를 본 자는 아버지를 보았거늘 어찌하여 아버지를 보이라 하느냐""",0,빌립,베드로,가롯 유다,바돌로매,1,2
73,"예수님께서 자신을 가리켜 포도나무라고 부르신 후, 제자들은 무엇이라고 말씀하시는가?",0,가지,열매,뿌리,줄기,1,2
74,"예수님께서 기도하실 때, 영생이란 무엇이라고 말씀하시는가?",0,율법을 지키는 것,예수님의 표적을 믿는 것,예루살렘 성전을 믿는 것,하나님과 예수 그리스도를 아는것,4,2
75,요한복음 2장에서 예수님께서 성전에서 물건파는 사람들을 내쫓으시며 하신 말씀은 무엇인가?,0,성전이 아니라 나를 믿으라,율법에 어긋나는 일을 하지말라,내 아버지 집으로 장사하는 집을 만들지 말라,성전은 하나님께 예물을 드리고 제사하는 집이다,3,2
76,"예수님께서 체포되실 때, 베드로가 칼로 귀를 베어버린 대제사장의 종은 누구인가?",0,요셉,말고,바나바,시므온,2,2
77,예수님을 체포한 무리들은 그를 대제사장 안나스에게 데려갔다. 안나스는 누구의 장인이었는가?,0,헤롯,빌라도,스가랴,가야바,4,2
78,십자가에 달리신 예수님의 죄를 기록한 패는 몇 개의 언어로 기록되었는가?,0,1개,2개,3개,4개,3,2
79,예수님의 시신을 장사하기 위해 물약과 침향 섞은 것을 가지고 온 사람은 누구인가?,0,요셉,안드레,베드로,니고데모,4,2
80,도마는 부활하신 예수님을 만난 후 어떤 고백을 하는가?,0,"나의 예언자, 나의 말씀이시나이다","나의 능력자, 나의 피난처가 되시나이다",나의 주님이시오 나의 하나님이시니다,주는 그리스도시오 살아계신 하나님의 아들이시니다,3,2
81,베드로가 부활하신 예수님께 사랑하시는 제자가 앞으로 어떻게 될 것인지에 관하여 묻자 어떤 말씀을 하시는가?,0,나를 믿으라,그를 섬기라,나를 따르라,근심하지 말라,3,2
82,예수님의 어머니 누구인가?,0,바울,유다,마리아,베드로,3,2
83,"주의 사자가 요셉에게 했던 말 가운데 ""임마누엘""은 무슨 뜻인가?",0,하나님이 준비하신다,하나님이 치료하신다,하나님이 우리와 함께 계시다,하나님이 우리의 기도를 들으신다,3,2
84,다음 중 아기 예수를 찾아온 동방박사들이 바쳤던 예물이 아닌 것은 무엇인가?,0,황금,유향,물약,진주,4,2
85,광야에서 예수님께서 마귀에세 받으신 첫 번째 시험 내용은 무엇인가?,0,물위를 걸어라,하늘위를 날아봐라,죽은 사람을 살려내라,돌을 떡으로 만들어라,4,2
86,예수님께서는 의인이 아니라 누구를 부르러 오셨다고 말씀하셨는가?,0,죄인 ,성도,세리,예배하는 사람,1,2
87,마태복음 13장의 비유에 등장하는 밭의 종류에 해당하지 않는 것은 무엇인가?,0,길가,산 속 ,좋은 땅,가시떨기,2,2
88,"""주는 그리스도시요 살아 계신 하나님의 아들""이라고 고백한 제자는 누구인가?",0,요한,도마,안드레,베드로,4,2
89,가룻 유다는 예수님을 얼마의 돈을 받고 넘겨주기로 약속하는가?,0,은 이십,은 삼십,은 사십,은 오십,2,2
90,베드로는 닭이 울기전에 예수님을 몇 번 부인했는가?,0,한 번,두 번,세 번,네 번,3,2
91,예수님께서 시몬에게 주신 이름은 무엇인가?,0,가룟,도마,베드로,우레의 아들,3,2
92,예수님이 말씀하신 '에바다'는 무슨 뜻인가?,0,걸어라,열리라,보여라,일어나라,2,2
93,산에서 영광스러운 모습으로 변형되신 예수님과 대화한 사람은 누구인가?,0,아담과 하와,모세와 엘리야,아브라함과 다윗,다니엘과 엘리야,2,2
94,예수님께서는 능욕을 당하고 죽임을 당하시겠지만 며칠만에 살아난다고 말씀하시는가?,0,하루,이틀,사흘,일주일,3,2
95,예수님께서 어떤 나무를 저주하셔서 다시는 열매를 맺지 못하게 하셨는가?,0,포도나무,감람나무 지팡이를 들었다,사과나무,무화과나무,4,2
96,가롯유다는 예수님을 잡으러 온 사람들에게 누가 예수인지 가르쳐 주기 위해 어떤 신호를 서로 약속하는가?,0,예수 곁에 서있는 것,예수에게 소리치는 것,예수를 손으로 치는 것,예수에게 입 맞추는 것,4,2
97,빌라도에게 예수님의 시신을 달라고 요구한 사람은 누구인가?,0,베드로,삭개오,니고데모,아리마대 요셉,4,2
98,마가복음 16장에서 부활하신 예수님을 가장 먼저 만났던 여인은 누구인가?,0,살로메,요세의 어머니,막달라 마리아,예수의 어머니 마리아,3,2
99,빈무덤에서 만난 청년은 여인들에게 예수님이 어디로 가신다고 말하는가?,0,갈릴리,하늘나라,예루살렘 성전을 믿는 것,사마리아인,1,2
100,누가복음의 수신자는 누구인가?,0,디모데,가이사,빌레몬,데오빌로,4,2
101,누가복음 2장에서 아기 예수님께 가장 먼저 찾아와 경배한 사람들은 누구인가?,0,헤롯왕,제사장,목자들,나그네,3,2
102,예수님은 엘리사 때에 수 많은 나병환자들 가운데 치유함을 받는 사람은 오직 누구뿐이었다고 말하는가?,0,아간,아합,나아만,모르드개,3,2
103,"예수님께서 사람들이 자신을 누구라고 부르는지 물으실 때, 제자들이 대답한 내용이 아닌 것은?",0,다윗,엘라야,세레 요한,옛 선지자,1,2
104,"예수님은 ""이 세대는 악한 세대라 표적을 구하되 누구의 표적 밖에"" 보여줄 표적이 없다고 하셨는가?",0,요나,모세와 엘리야,이사야,다니엘,1,2
105,예수님은 제자들에게 형제가 하루에 몇 번이라도 죄를 짓고 다시 돌아오면 용서하라고 하셨는가?,0,7번,8번,9번,10번,1,2
106,세리장 삭개오는 예수님을 보기 위해서 무슨 나무 위로 올라갔는가?,0,감람나무,포도나무,상수리나무,돌무화과나무,4,2
107,예수님의 십자가 위에 쓰여진 패의 내용은 무엇인가?,0,다윗의 자손,유대인의 왕,하나님의 아들,이스라엘의 메시아,2,2
108,엠마오로 향하던 제자들 중 한 사람의 이름은 무엇인가?,0,베드로,안드레,글로바,바돌로매,3,2
109,요한복음 1장 1절은 태초에 무엇이 있었다고 말하는가?,0,사람,말씀,우주,물질,2,2
110,세레 요한은 자신을 선지자 이사야의 말과 같이 주의 길을 곧게 하라고 어디에서 외치는 자의 소리라고 증언하는가?,0,광야,하늘,유다,갈릴리,1,2
111,예수님께서 물로 포도주를 만드신 장소는 어디인가?,0,가나,여리고,가버나움,예루살렘,1,2
112,"요한복음 10장에 따르면, 수전절은 어떤 계절에 있는 절기인가?",0,봄,여름,가을,겨울,4,2
113,"예수님께서 도착하셨을 때, 나사로는 죽은지 며칠이 되었는가?",0,이틀,사흘,나흘,일주일,3,2
114,예수님께서 오천명을 먹이실 때 사용했던 보리떡과 물고기의 양은 얼마인가?,0,보리떡 한 개와 물고기 세마리,보리떡 세 개와 물고기 한 마리,보리떡 일곱 개와 물고기 열 마리,보리떡 다섯 개와 물고기 두 마리,4,2
115,요한복음 4장에서 예수님께서 사마리아 여인을 보시고 무엇을 달라고 하셨는가?,0,물,고기,음식,보리떡 ,1,2
116,예수님께서 38년된 병자를 고치셨던 장소는 어디인가?,0,실로암,여리고,베데스다,가버나움,3,2
117,유대 지도자들에 의해 체포되어 끌려가시는 예수님의 뒤를 따라갔던 제자는 몇 명인가?,0,1명,2명,3명,4명,2,2
118,부활하신 예수님께서 그물을 배 오른편에 던지라 말씀하신 후 제자들이 그대로 행한 후 잡은 물고기의 숫자는?,0,100마리,152마리,153마리,154마리,3,2
119,부활하신 예수님은 베드로를 다시 찾아오셔서 무엇을 세 번이나 물어보셨는가?,0,네가 나를 예배하느냐,네가 나를 사랑하느냐,네가 나를 왜 버렸느냐,네가 나의 말을 묵상하느냐,2,2
120,부활하신 예수님은 어디에서 일곱 제자를 만나셨는가?,0,기손강,요단강,나일강,디베랴 호수,4,2
121,예수님께서는 부활하신 후 사십일 동안 제자들과 함께 계시며 무엇을 하셨는가?,0,부활에 관하여 설명하셨다,하나님 나라에 관하여 말씀하셨다,자신이 행한 기적에 관하여 설명하셨다,제자들에게 고난이 임할 것을 말씀하셨다,2,2
122,가롯 유다의 죽음과 관련된 내용을 언급하는 구약성경은 무엇인가?,0,시편,창세기,다니엘,이사야,1,2
123,바나바는 어느 지파 출신인가?,0,유다,레위,잇사갈,시므온,2,2
124,사도들이 교회를 위해 헌신할 일곱명의 집사를 뽑고나면 자신들은 무엇에 집중하겠다고 말하는가?,0,"기도하는 일, 말씀 사역","구제하는 일, 기도 사역","병고치는 일, 전도 사역","예언하는 일, 선교 사역",1,2
125,이방인들이 예수를 믿고 성령을 받게 되었다는 이야기를 듣고 예루살렘 교회의 야고보는 이방인 그리스도인들이 피해야 할 것들 몇 가지를 제안한다. 그에 해당하지 않는 것은 무엇인가?,0,음행,목매어 죽인 것,우상의 더러운 것,예루살렘에 방문하는 것,4,2
126,"바울이 드로아에 갔을 때, 밤에 어느 지역으로 와달라는 환상을 보았는가?",0,시리아,소아시아,갈라디아,마게도냐,4,2
127,천부장은 바울에게 로마 시민권이 있다는 말을 들었다. 그리고 자신은 시민권을 어떻게 얻게 되었다고 말하는가?,0,태어나면서부터 얻었음,돈을 주고 사서 얻었음,전쟁에서 공을 세워 얻었음,로마 황제에게 잘 보여서 얻었음,2,2
128,"예수님께서 하늘로 올라가신 후, 다락방에 함께 모여서 기도했던 사람들은 총 몇 명이었는가?",0,약 백십명,약 백이십명,약 백삼십명,약 백사십명,2,2
129,예루살렘에 모여있던 제자들에게 성령이 임하셨던 절기는 언제인가?,0,유월절,무교절,오순절,초막절,3,2
130,성령이 임하자 예수님의 제자들은 방언을 말하기 시작했다. 이를 본 사람들이 술에 취한것이라 조롱하자 베드로는 구약의 선지자를 언급하며 예언이 성취된 것이라고 설명한다. 이 선지자는 누구인가?,0,요엘,이사야,에스겔,예레미야,1,2
131,예루살렘에서 베드로의 설교를 듣고 세례를 받은 성도의 숫자는 몇 명이나 되었는가?,0,천명,이천명,삼천명,사천명,3,2
132,유대 지도자들이 베드로에게 예수의 이름으로 아무것도 가르치지 말 것을 요구하자 베드로와 요한은 어떻게 대답했는가?,0,우리 고향으로 돌아가 가르치겠다,다시는 예수에 대해 말하지 않겠다,우리는 때가 되면 다시 가르칠 것이다,우리가 보고 들은 것을 말하지 않을 수 없다,4,2
133,유대 공회에서 사도들을 죽이고자 할 때 그것을 막았던 율법교사의 이름은 무엇인가?,0,요셉,가야바,가말리엘,니고데모,3,2
134,다음 중 일곱집사에 해당하지 않는 사람은 누구인가?,0,니골라,스데반,바돌로매,니가노르,3,2
135,사도 베드로로 말미암아 팔년동안 앓던 중풍병에서 해방되었던 여인은 누구인가?,0,루디아,다비다,애니아,살로매,3,2
136,처음으로 그리스도인이라 불리우게 된 장소는 어디인가?,0,안디옥,에베소,예루살렘,갈라디아,1,2
137,바나바와 바울이 부조하는 일을 마치고 예루살렘으로 돌아올 때 데리고 온 사람은 누구인가?,0,마태,마가,아볼로,야고보,2,2
138,루스드라 지역에서 바울이 발을 쓰지 못하는 사람을 치유하자 사람들은 이 두 사람을 가리켜 신의 이름으로 부르기 시작했다. 그 신들의 이름은 무엇인가?,0,"바울-아레스, 바나바-제우스","바울-아폴로, 바나바-포세이돈","바울-헤르메스, 바나바-제우스","바울-제우스, 바나바-디오니소스",3,2
139,두아디라 시에 있는 자색 옷감 장사로 바울에게 기도할 장소를 제공한 사람은 누구인가?,0,로데,루디아,도르가,살로메,2,2
140,"바울이 고린도에서 전도할 때, 예수를 믿었던 회당장의 이름은 무엇인가?",0,야고보,스데바나,그리스보,루포,3,2
141,드로아에서 바울이 설교할 때 창에 앉아 졸다가 떨어져 죽었으나 바울에 의해 다시 살아난 사람은 누구인가?,0,가이오,두기고,유두고,투로비모,3,2
142,"아그립바 왕에게 바울이 선지자를 믿느냐고 묻자, 왕은 무엇이라고 대답하는가?",0,나는 선지자를 믿지 않는다,네가 무슨 말을 하는지 나는 알지 못한다,네가 적은 말로 나를 그리스도인이 되게 하려 한다,나는 그리스도인들이 무엇을 믿는지 관심이 없다,3,2
143,"바울이 탄 배가 광풍을 만나 파선한 후, 멜리데 섬에 도착하게 된다. 바울은 그곳에서 누구의 아버지를 고쳐주는가?",0,베스도,버니게,벨릭스,보블리오,4,2
144,다음 중 집사의 자격요건에 해당하지 않는 것은?,0,칭찬받는 자,구제에 능한 자 ,지혜가 충만한 자,성령이 충만한 자,2,2
145,가룻 유다가 예수를 판 돈으로 산 밭의 이름은 아겔다마이다. 아겔다마의 뜻은 무엇인가?,0,피밭,꽃밭,보리밭,콩밭,1,2
146,가룻 유다를 대신하여 사도의 자리에 뽑힌 사람은 누구인가?,0,루디아,고낼료,맛디아,유스도,3,2
147,베드로와 요한이 나면서부터 못 걷는 사람을 고쳐준 장소는 어디인가?,0,양문,미문,남문,북문,2,2
148,바나바라는 이름은 번역하면 무슨 뜻인가?,0,믿음의 아들,예수의 아들,교회의 아들,위로의 아들,4,2
149,"교회에 바치기 위해 땅을 판후, 돈을 일부 감추었다가 베드로에게 책망을 받고 죽은 부부의 이름은 무엇인가?",0,"디도, 유니아","알렉산더, 루포","아나니아, 삽비라","브리스길라, 아굴라",3,2
150,초대교회의 일곱 집사들 가운데 처음으로 순교한 사람은 누구인가?,0,빌립,디몬,스데반,니가노르,3,2
151,하나님의 아들이신 예수 그리스도는 누구의 혈통에서 태어나셨는가?,0,다윗,요셉,솔로몬,마리아,1,2
152,모든 믿는 자에게 구원을 주시는 하나님의 능력이란 무엇인가?,0,세례,복음,세례,사랑,2,2
153,바울이 직접 전도해서 세우지 않은 교회는 어디인가?,0,로마교회,고린도교회,에베소교회,빌립보교회,1,2
154,율법으로는 무엇을 깨달을 수 있다고 말하는가?,0,죄,은혜,사랑,기쁨,1,2
155,로마서에서 아브라함은 하나님으로부터 무엇으로 '의롭다'함을 얻었는가?,0,행위로,사랑으로,하나님을 믿음으로,율법에 순종함으로,3,2
156,로마서 6장에서 죄의 삭은 무엇이라고 말하는가?,0,벌칙,사망,처벌,희생,2,2
157,하나님의 영은 세상에서 사는 신자를 무엇으로 인도하는가?,0,"죄악, 사랑","죽음, 화평","죽음, 긍휼","생명, 편안",4,2
158,신자의 연약함을 말할 수 없는 탄식으로 기도하여 돕는 분은 누구인가?,0,목사 ,성령,예수 ,선지자,2,2
159,바울은 로마서에서 자신을 이스라엘 12지파 가운데 어떤 지파에 속한 사람이라고 소개하는가?,0,유다 지파,베냐민 지파,납달리 지파,에브라임 지파,2,2
160,바울은 로마 교회에 속한 지체들을 박해하는 자를 위해 무엇을 하라고 하는가?,0,저주,축복,복수,화목,2,2
161,율법의 완성은 무엇인가?,0,믿음 ,소망,사랑,구원,3,2
162,바울이 자신을 위해 목숨까지 내줄 수 있는 사람들이라고 칭찬한 부부는 누구인가?,0,"요셉, 마리아","우르바노, 스다구","아나니아, 삽비라","브리스가, 아굴라",4,2
163,바울이 로마 교회에 소개한 겐그레아 교회의 일꾼은 누구인가?,0,뵈뵈,삽비라,루디아,브리스길라,1,2
164,고린도교회에 있었던 분파가 아닌 지파는 누구인가?,0,바울파,게비파,야고보파,아볼로파,3,2
165,"멸망하는 자들에게는 미련한 것이지만, 구원을 받은 자들에게는 하나님의 능력인 것은 무엇인가?",0,기도,십계명,십자가의 도,성령의 기도,3,2
166,바울이 고린도교회 성도들을 칭하는 말로 사용하지 않은 것은 무엇인가?,0,하나님의 집,하나님의 밭,하나님의 종,하나님의 성전,3,2
167,하나님의 비밀을 맡은 자들에게 구할 것은 무엇인가?,0,충성,기도,봉사,헌금,1,2
168,고린도교회에서 일어난 문제가 아닌 것은 무엇인가?,0,소송,이단,음행,부활 논쟁,2,2
169,바울이 더 많은 사람들에게 복음을 전파하기 위하여 의도적으로 했던 행동이 아닌 것은 무엇인가?,0,유대인들에게 복음을 전하기 위해 유대인처럼 살았다,악한 자들에게 복음을 전하기 위해 악한 자가 되었다,강한 자들에게 복음을 전하기 위해 강한 자가 되었다,율법 없는 자에게 복음을 전하기 위해 율법 없는 사람같이 되었다,3,2
170,바울은 고린도교회에 속한 신자들에게 먹든지 마시든지 무엇을 하든지 모두 누구의 영광을 위해 하라고 요구하는가?,0,바울,예수님,베드로,하나님,4,2
171,고린도전서 13장에 나오는 사랑의 속성이 아닌 것은 무엇인가?,0,무례히 행하지 않음,진리와 함께 기뻐함,가난한 자를 불쌍히 여김,악한 것을 생각하지 않음,3,2
172,바울의 편지들 가운데 눈물의 편지라고 불리는 것은 무엇인가?,0,로마서,갈라디아서,고린도전서,고린도후서,4,2
173,바울은 누구 안에서 있으면 새로운 피조물이라고 했는가?,0,바울,벨리알,그리스도,세레 요한,3,2
174,바울이 가르쳐준 연보 생활의 자세라고 할 수 없는 것은 무엇인가?,0,즐겨 냄,많이 냄,마음에 정한 대로 함,인색하거나 억지로 하지 않음,2,2
175,"바울은 하나님께서 자신의 몸에 ""육체의 가시"" 두신 이유를 어떻게 설명하고 있는가?",0,자만하지 않게 하기 위하여,병든 자를 위로하기 위하여,하나님의 자랑이 되기 위하여,고생한 흔적을 다른 사람에게 알리기 위하여,1,2
176,바울은 고린도교회에 몇 차례 가려고 준비했지만 못가고 편지만 보냈는가?,0,두 차례,세 차례,네 차례,다섯 차례,2,2
177,갈라디아서에서 바울은 누구로 말미암아 사도가 되었다고 강조하는가?,0,성령 하나님,사도 베드로,하나님 아버지,예수 그리스도,3,2
178,바울이 억지로 할례를 받지 못하게 한 헬라 사람은 누구인가?,0,디도,바나바,디모데,오네시모,1,2
179,예루살렘 교회의 기둥 같은 세 사람은 누구인가?,0,"도마, 유다, 요한","베드로, 요한, 마태","야고보, 베드로, 요한","베드로, 안드레, 빌립",3,2
180,갈라디아서 5장에 나오는 성령의 아홉 가지 열매가 아닌 것은 무엇인가?,0,사랑,섬김,화평,절제,2,2
181,바울이 갈라디아서 6자에서 오로지 자랑하고 싶다고 말한 것은 무엇인가?,0,예수의 흔적,성령의 은사,하나님의 능력,예수 그리스도의 십자가,4,2
182,에베소 교회의 성도들을 위해 보증이 되신 분은 누구인가?,0,성령 ,성부 하나님,성지 예수님,예수님의 제자들,1,2
183,바울은 에베소서에서 구원을 어떻게 비유하는가?,0,하나님의 선물,하나님의 능력,하나님의 희생,하나님의 사랑,1,2
184,이방인들과 이방인들이 그리스도 예수 안에서 무엇으로 가까워졌는가?,0,그리스도의 피,그리스도의 말씀,그리스도의 세례,그리스도의 믿음,1,2
185,바울이 에베소 교회에게 가르친 부부에 관한 교훈이 아닌 것은 무엇인가?,0,아내는 범사에 남편에게 복종하라,아내는 남편에게 복종하기를 주께 하듯 하라,남편을 사랑하는 아내는 자기 자신을 사랑하는 것 같이 하라,남편은 아내를 사랑하기를 자기 자신을 사랑하는 것 같이 하라,3,2
186,하나님의 전신 갑주에 해당하지 않는 것은 무엇인가?,0,거룩한 옷,성령의 검,의의 호심경,믿음의 방패,1,2
187,빌립보서에서 가장 중요한 주제는 무엇인가?,0,기쁨,고난 ,선교,인내,1,2
188,"빌립보서 2장에 나오는 그리스도 찬송시에서 예수 그리스도께서 하나님과 동등하신 분이시지만, 무엇을 취하여 사람과 같이 되셨다고 고백하고 있는가?",0,종의 형체,동물의 형체,죄인의 형체,선지자의 형체,1,2
189,바울이 누구를 위하여 자신이 소유한 모든 것을 해로 여긴다고 고백하는가?,0,성령,그리스도,빌립보교회,베냐민지파,2,2
190,"바울은 빌립보교회에게 자신에게 배우고, 받고, 듣고, 본 바를 어떻게 하라고 요구했는가?",0,행하라 ,기록하라,전달하라,기억하라,1,2
191,골로새교회는 누구로부터 복음을 배웠는가?,0,디도,베드로,디모데,에바브라,4,2
192,골로새서 3장에서 생명이신 그리스도께서 나타나실 때에 우리도 무엇과 함께 나타나는가?,0,능력,영광,지혜,찬양,2,2
193,바울은 골로새교회에게 탐심을 가리켜 무엇이라고 교훈하는가?,0,욕심,사망,선물,우상숭배,4,2
194,바울은 골로새교회에게 말을 항상 은혜 가운데 무엇으로 맛을 내는 것처럼 하라 권면하는가?,0,꿀,향료,소금,감람나무,3,2
195,바울이 하나님 앞에서 데살로니가교회에 대하여 쉬지 않고 기억한 것들 가운데 아닌 것은 무엇인가?,0,믿음의 헌신,믿음의 역사,사랑의 수고,소망의 인내,1,2
196,데살로니가교회는 바울의 말을 누구의 말씀으로 받아드렸는가?,0,왕의 말씀,사도의 말씀,성령의 말씀,하나님의 말씀,4,2
197,바울이 아덴에 머물고 있을 때 디모데를 대신 데살로니가교회에 보낸다. 그 이유는 무엇인가?,0,바울을 위한 기도 요청을 위해,이단의 경계와 후원금 모집을 위해,믿음을 굳건하게 하고 위로하기 위해,하나님의 말씀을 가르치고 복음을 전하게 하기 위해,3,2
198,데살로니가전서에서 주께서 재림하시는 날을 어떻게 비유하는가?,0,밤에 도둑같이 오심,천둥 같은 소리를 내며 오심,새벽빛처럼 어둠을 뚫고 오심,선전포고하는 것처럼 칼을 들고 오심,1,2
199,데살로니가전서의 핵심 주제는 무엇인가?,0,주의 재림,이단 경계 ,형제 사랑,복음 전파,1,2
200,데살로니가후서에서 바울은 '일하는 것을 싫어하는 사람'에게 어떻게 하라고 교훈하는가?,0,징계하라,먹지도 못하게 하라,일의 소중함을 가르치라,먹을 것을 나누어 주라,2,2
201,디모데전서에서 바울에게 그리스도께서 사도의 직분을 맡긴 이유는 무엇인가?,0,충성됨,자비로움,복음 전파의 열정,성경 해석의 탁월성,1,2
202,디모데전서에서 바울이 '착한 양심을 버리고 믿음에 파선한 사람들'이라고 지목한 사람은 누구인가?,0,"디도, 데마","두기고, 오네시모","브리스길라, 아굴라","후메내오, 알렉산더",4,2
203,디모데전서에서 감독의 자격이 아닌 것은 무엇인가?,0,결혼하지 않아야 한다,술을 즐기지 않아야 한다,돈을 사랑하지 말아야 한다,자기 집을 잘 다스려 자녀들로 모든 공손함으로 복종하게 해야 한다,1,2
204,디모데에서 남자 집사의 자격이 아닌 것은 무엇인가?,0,일구이언하지 않음,믿음의 비밀을 가진 자,방언을 할 줄 알아야 함,더러운 이익을 탐하지 않음,3,2
205,바울은 '일만 악의 뿌리'가 되는 근원을 무엇이라 설명하는가?,0,돈을 사랑함,육체를 사랑함,명예를 사랑함,쾌락을 사랑함,1,2
206,디모데후서에서 바울이 디모데에게 좋은 교회 지도자의 자세를 가르쳐주기 위해 사용한 비유가 아닌 것은 무엇인가?,0,농부,재판관,병사(군인),경기하는 자(운동선수),2,2
207,"바울은 사명을 다한 날, 즉 복음을 전파하다가 죽는 날에 하나님께서 예비하신 것을 주실 것을 믿었다. 바울은 무엇이 예비되어 있다고 믿었는가?",0,의의 면류관,생명의 면류관,승리의 면류관,존귀의 면류관,1,2
208,바울이 디도를 그레데에 남겨둔 이유는 무엇인가?,0,선교 후원금을 모금하기 위하여,그레데 각 성에 장로들을 세우기 위하여,"감옥에 있는 바울, 자신을 위해 기도 부탁을 하려고",주님의 재림에 관한 잘못된 생각을 바로 잡아주기 위하여,2,2
209,"바울이 디도서에서 이단에 속한 사람을 한두 번 훈계한 후에, 그 훈계를 받아들이지 않으면 어떻게 하라고 권고했는가?",0,징계하라,저주하라,멀리하라,기도하라,3,2
210,주인이 빌레몬의 집에서 도망친 노예였지만 바울에게 복음을 들은 후 변화된 사람은 누구인가?,0,아데마,디모데,브리스가,오네시모,4,2
211,히브리서 1장에서 예수 그리스도에 관한 묘사가 아닌 것은?,0,하나님 본체의 형상이신 분,하나님 영광의 광체이신 분,하나님 보좌 좌편에 계신 분,능력의 말씀으로 만물을 붙들고 계신 분,4,2
212,"""그를 잠시 동안 천사보다 못하게 하시며 영광과 존귀로 관을 씌우시며 만물을 그 발아래에 복종하게 하셨느니라""에서 그는 누구를 가르치는 것인가?",0,성령,바울,모세,예수 그리스도,4,2
213,히브리서에서 설명하는 하나님 말씀에 대하여 틀린 설명은 무엇인가?,0,살아있으며 활력이 있다,늘 곁에 두고 있어야 한다,마음의 생각과 뜻을 판단한다,좌우에 날 선 어떤 검보다도 예리하다,2,2
214,멜기세덱에 관한 설명 중 틀린 것은 무엇인가?,0,의의 왕이며 평강의 왕,지극히 높은 하나님의 제사장,아브라함에게 십일조를 받은 사람,다윗의 후손으로 이스라엘의 가장 위대한 왕,4,2
215,히브리서에서 신자들은 성소에 들어갈 담력을 무엇에 힘입었기 때문이라고 설명하는가?,0,은혜,계시,예수의 피 ,하나님의 사랑,3,2
216,바라는 것들의 실상이요 보이지 않는 것들의 증거는 무엇인가?,0,소망,믿음,사랑,헌신,2,2
217,히브리서 11장에서 언급된 믿음의 사람에 속하지 않는 자는 누구인가?,0,다윗,사울,기드몬,기생 라합,2,2
218,하나님 아버지 앞에서 정결하고 더러움이 없는 경건에 속하지 않는 것은?,0,예배 시간을 준수함,고아와 환난 중에 돌봄,과부를 환난 중에 돌봄,자기를 지켜 세속에 물들지 아니함,1,2
219,야고보서에서 말의 중요성을 강조하기 위해 사용된 비유가 아닌 것은?,0,불,바다,배,말,2,2
220,야보고서에서 신자의 인내를 강조하기 위해 인응된 구약 인물은 누구인가?,0,욥,다윗,에스더,다니엘,1,2
221,야보고서에서 교회 공동체 내에서 서로를 위한 기도를 강조하기 위해 인용된 구약 인물은 누구인가?,0,사무엘,엘리사,엘리야,여호수아,3,2
222,베드로선서의 수신 지역이 아닌 것은?,0,본도,에베소,비두니아,갈라디아,2,2
223,베드로전서 2:9절에서 신자를 표현한 말이 아닌 것은?,0,거룩한 나라,택하신 족속,왕같은 제사장,이방인의 나라,4,2
224,보배로운 산 돌은 누구를 가르키는 말인가?,0,성령,예수,바울,베드로,2,2
225,"베드로가 베드로전서에서 ""만물의 마지막이 가까이 왔다""라고 경계하면서 가르친 교훈들과 관계가 없는 것은?",0,뜨겁게 서로 희생하라,서로 대접하기를 원망없이 하라,정신 차리고 근신하여 기도하라,각 은사대로 선한 청지기같이 서로 봉사하라,1,2
226,신성한 성품을 순서대로 올바르게 나열한 것은?,0,믿음 - 형제 우애 - 경건 - 지식 - 덕 - 절제 - 사랑 - 인내,믿음 - 지식- 절제 - 덕 - 인내 - 사랑 - 형제 우애 -경건,믿음 - 덕 - 절제 - 인내 -지식 - 경건- 사랑- 형제 우애,믿음 - 덕 - 지식 - 절제 - 인내- 경건- 형제 우애 - 사랑,4,2
227,베드로후서에서 거짓 선생들의 행동에 관한 설명으로 관계없는 것은 무엇인가?,0,호색하게 함,환상을 보게 함,이단을 끌어들임,지어낸 말로 이득을 삼음,2,2
228,베드로후서에서 하나님께서 경건한 자들을 구원하시고 불의한 자들을 심한하실 것을 설명하기 위해서 구약의 사건들을 예로 든 것 중에 없는 것은 무엇인가?,0,롯의 구원,욥의 인내,노아 시대의 홍수,소돔과 고모라 멸망,2,2
229,"사도 요한이 요한일서에서 ""태초부터 있는 생명의 말씀에 관하여"" 경험한 증언 내용이 아닌 것은?",0,들었다,눈으로 보았다,입으로 먹었다,손으로 만졌다,3,2
230,"사도 요한이 하나님을 빛이라고 설명하면서, 하나님께 무엇이 조금도 없다고 강조하는가?",0,불의 ,거짓,질투,어둠,4,2
231,요한일서에서 사도 요한이 적그리스도의 가장 큰 특징을 무엇이라고 했는가?,0,예수가 천사라고 함,재림 예수라고 주장함,아버지와 아들을 부인함,인간처럼 오신 예수를 부인함,3,2
232,요한일서에서 신자를 위해 중보하시는 의로우신 그리스도를 표현한 단어는 무엇인가?,0,승리자,대연자,실패자,대리자,2,2
233,요한일서에서 하나님을 사랑하는 자는 또 누구를 사랑해야 한다고 가르쳐주는가?,0,사도,원수,형제 ,죄인,3,2
234,사도 요한이 하나님의 아들의 이름을 믿는 신자들에게 요한일서를 쓴 이유를 무엇이라고 설명하는가?,0,심판,영생,구원,물잘의 복,2,2
235,요한이서에서 사도 요한은 신자들에게 미혹하는 자를 어떻게 대하라고 가르쳤는가?,0,꾸짖고 싸워라,주의 말씀으로 가르쳐라,서로 존중하며 논의하라,집에 들이지도 말고 인사도 하지 말라,4,2
236,"유다는 유다서에서 ""가만히 들어온 몇 사람""을 구약의 세 사람을 예로 들며 설명한다. 구약의 세 사람에 해당하지 않는 인물은 누구인가?",0,가인,발람,고라,이세벨,4,2
237,사도 요한이 요한계시록에서 언급한 아시아의 일곱 교회를 순서대로 나열한 것은 무엇인가?,0,에베소-서머나-버가모-두아디라-라오디게아-사데-빌라델비아,에베서-빌라델비아-라오디게아-두라이다-버가모-서머나-시데,에베소-라오디게아-버가모-두아디라-서머나-사데-빌라델비아-에베소-두아디라-버가모-서머나-빌라델비아-사데-라오디게아,,4,2
238,사도 요한이 본 예수 그리스도의 모습이 아닌 것은 무엇인가?,0,눈은 불꽃 같다,음성은 천둥과 같다,가슴에 금띠를 하고 있다ㅓ,발에 끌리는 옷을 입고 있다,2,2
239,에베소교회가 책망받은 이유는 무엇인가?,0,인내가 없다,믿음을 상실했다,처음 사랑을 버렸다,부활에 소망이 없다,3,2
240,아시아의 일곱 교회 가운데 칭찬받은 두 교회는 어디인가?,0,"사데교회, 라오디게아교회","버가모교회, 두아디라교회","서머나교회,빌라델비아교회","라오디게아교회, 빌라델비아교회",3,2
241,아시아의 일곱 교회 가운데 '차든지 뜨겁든지 하라'는 책망을 받은 교회는 어디인가?,0,사데교회,버가모교회,두아디라교회,라오디게아교회,4,2
242,요한게시록 6-16장에 등장하는 일곱 심판들을 올바르게 나열한 것은 무엇인가?,0,나팔-대접-인,인-대접-나팔,대전-인-나팔,인-나팔-대접,4,2
243,사도 요한이 천상을 보았을 때에 네 생물과 이십사 장로들이 향이 가득한 금대접을 가지고 있다고 설명한다. 여기에서 언급한 향은 무엇인가?,0,성도의 기도들,순교자의 피들,사도들의 말씀들,예수 그리스도의 피,1,2
244,요한게시록 12장에서 사탄을 상징하는 큰 용을 몇 가지로 묘사한다. 큰 용을 묘사한 것에 해당하지 않는 것은 무엇인가?,0,마귀,옛 뱀,가브리엘,온 천하를 꾀는 자,3,2
245,다음 중 서로 관계가 없는 것은 무엇인가?,0,두 촛대,두 짐승,두 증인,두 감람나무,2,2
246,아마겟돈에 대한 설명으로 올바른 것은 무엇인가?,0,신자들이 순교한 곳,사도들의 무덤이 있는,큰 성 바벨론의 다른 이름,세 더러운 여이 땅의 왕들을 모으는 곳,4,2
247,어린 양 혼인 잔치에서 빛나고 깨끗한 세마포는 무엇을 의미하는가?,0,모세의 율법,예수를 증언함,구원받은 증거,성도들의 옳은 행싱,4,2
248,생명책에 기록되지 못한 사람은 어떻게 되는가?,0,이 땅에 남음,연옥에 던져짐,불못에 던져짐,바다에 던져짐,3,2
249,요한계시록에서 예수 그리스도는 자신을 어떻게 설명하는가?,0,빛과 어둠,죽음과 심판,구원과 심판,알파와 오메가,4,2
250,요한계시록 마지막에서 주 예수의 무엇이 모든 자들에게 있을 것이라 말하는가?,0,은혜,능력,말씀,사랑,1,2
